{"cameraMode":{"drawMode":0,"name":"Shaded","section":"Shading Mode"},"sceneLighting":true,"audioPlay":false,"sceneViewState":{"showFog":true,"showMaterialUpdate":false,"showSkybox":true,"showFlares":true,"showImageEffects":true,"showParticleSystems":true},"in2DMode":false,"pivot":{"x":-0.01053553819656372,"y":-0.06432598829269409,"z":0.09715855121612549},"rotation":{"x":-0.047768935561180118,"y":-0.9490082263946533,"z":0.25684139132499697,"w":-0.17651094496250153},"size":0.6550405621528626,"orthographic":false}